# terrain survey --seed 2 --seed-places 1 --count 24 (world seed 2, generator version 3; master 7e3911f): the redesign's "before" places
# re-render: terrain survey --seed 2 --places docs/design/survey_places_seed2.csv -o out/survey2
index,lat,lon,theme,elevation_m,relief_m,slope,water,coast,river,town,temp_c,moist,biome,dominant
0,65.694327,-166.673242,coast,0.1,23.3,0.0084,0.440,1,0,0,0.8,0.603,,forest 52% ocean 44% beach 4%
1,23.719119,-119.460571,mountains,3788.6,1141.1,0.3173,0.000,0,0,0,-1.5,0.083,,bare 44% rock 40% snow 16%
2,-42.053762,-11.841588,town,702.8,72.5,0.0289,0.000,0,0,1,9.4,0.797,,road 28% building 24% crop 20%
3,14.689354,-114.167612,river,1370.6,205.3,0.0672,0.280,0,1,0,16.4,0.353,,crop 48% river 28% grass 12%
4,-68.678624,62.680779,snow-ice,3034.9,152.8,0.0783,0.000,0,1,0,-20.2,0.591,,snow 100%
5,-24.888522,60.012699,desert,589.6,84.0,0.0278,0.000,0,0,0,17.5,0.000,,sand 100%
6,-44.251718,-5.490536,forest,2159.8,202.8,0.0848,0.000,0,0,0,1.0,0.691,,forest 100%
7,5.328993,-5.464700,farmland,32.6,17.9,0.0064,0.000,0,0,0,26.4,0.448,,crop 100%
8,-6.617441,-120.084424,wetland,2010.4,207.5,0.0977,0.000,0,0,0,15.4,0.784,,forest 48% wetland 40% grass 12%
9,35.180945,124.699585,plateau,4576.5,350.6,0.1319,0.000,0,0,0,-9.4,0.450,,snow 100%
10,-27.167086,-53.047385,lake,1034.8,329.6,0.0756,0.720,0,1,0,17.9,0.155,,lake 68% bare 16% grass 8%
11,56.664765,75.845644,tundra,1260.0,102.7,0.0482,0.000,0,0,0,-1.4,0.536,,tundra 100%
12,-18.437561,-79.412288,spread,98.9,136.3,0.0422,0.000,0,0,0,22.6,0.096,,bare 100%
13,62.302939,-129.815989,spread,52.3,51.1,0.0126,0.000,0,0,0,1.5,0.419,,grass 100%
14,2.517363,85.372779,spread,2133.9,300.1,0.1153,0.040,0,1,0,16.1,0.664,,rock 92% river 4% grass 4%
15,70.851580,40.116482,spread,107.9,67.9,0.0265,0.000,0,0,0,-4.2,0.537,,snow 100%
16,12.882370,21.444352,spread,3221.2,574.2,0.1998,0.000,0,0,0,5.8,0.474,,grass 76% rock 12% crop 8%
17,48.804981,30.465651,spread,2007.2,963.5,0.3175,0.000,0,0,0,-2.5,0.400,,snow 52% tundra 48%
18,-3.066303,58.775016,spread,0.9,12.2,0.0047,0.360,1,1,0,26.7,0.889,,ocean 36% beach 32% grass 24%
19,5.199498,133.736240,spread,21.8,19.8,0.0094,0.000,0,1,0,27.8,0.812,,forest 64% crop 32% grass 4%
20,-36.957724,14.052630,spread,3085.8,210.2,0.0893,0.000,0,0,0,-0.0,0.636,,rock 44% tundra 36% forest 12%
21,-9.893156,-146.763367,spread,284.3,6.1,0.0024,0.080,0,1,1,25.7,0.295,,grass 52% bare 20% river 8%
22,-23.274416,75.744409,spread,1372.6,597.7,0.1548,0.000,0,0,0,14.6,0.208,,rock 52% bare 48%
23,-46.831298,129.768349,spread,2082.3,811.0,0.2454,0.040,0,1,0,0.0,0.689,,forest 52% rock 20% tundra 16%
