# terrain survey --seed 1 --seed-places 1 --count 24 (default world, generator version 3; master 7e3911f): the redesign's "before" places
# re-render: terrain survey --seed 1 --places docs/design/survey_places.csv -o out/survey1
index,lat,lon,theme,elevation_m,relief_m,slope,water,coast,river,town,temp_c,moist,biome,dominant
0,24.960804,22.464715,coast,0.0,8.2,0.0024,0.480,1,0,0,22.0,0.177,,ocean 48% beach 28% grass 16%
1,-16.362560,68.938938,mountains,3820.1,1328.8,0.3900,0.000,0,0,0,3.0,0.151,,rock 56% bare 44%
2,-7.198502,-161.367763,town,733.2,138.4,0.0473,0.000,0,0,1,21.6,0.687,,urban 40% building 28% crop 16%
3,52.782572,6.446966,river,66.3,13.1,0.0065,0.280,0,1,0,8.4,0.674,,crop 52% river 28% forest 20%
4,-79.038881,-60.166026,snow-ice,3515.4,219.2,0.0822,0.000,0,0,0,-30.0,0.606,,snow 100%
5,24.699158,-103.077743,desert,1549.1,120.8,0.0483,0.000,0,0,0,13.1,0.000,,bare 100%
6,-33.495288,56.822784,forest,2492.4,252.0,0.0714,0.000,0,0,0,4.2,0.639,,forest 100%
7,20.405170,122.816507,farmland,630.1,343.1,0.1344,0.000,0,0,0,21.8,0.285,,crop 100%
8,57.992285,170.646634,wetland,872.1,144.4,0.0470,0.040,0,1,0,-1.9,0.950,,tundra 60% wetland 32% river 4%
9,-6.894870,110.052715,plateau,4007.0,278.4,0.1193,0.000,0,0,0,3.0,0.467,,grass 52% rock 44% bare 4%
10,-54.647646,-77.597745,lake,776.8,370.1,0.1121,0.240,0,1,0,3.8,0.449,,grass 64% lake 20% forest 12%
11,-46.768652,-71.840791,tundra,2074.4,278.5,0.0942,0.000,0,0,0,-1.1,0.530,,tundra 100%
12,-24.552611,67.378531,spread,834.9,257.3,0.0682,0.000,0,0,0,17.1,0.000,,sand 100%
13,-67.578361,98.963425,spread,57.1,36.0,0.0108,0.000,0,0,0,-3.6,1.000,,snow 100%
14,-12.943876,-118.004629,spread,1570.3,457.6,0.1243,0.040,0,1,0,14.6,0.702,,rock 84% forest 8% river 4%
15,1.140795,-49.742007,spread,87.0,66.6,0.0218,0.040,0,1,0,31.0,0.868,,forest 92% river 4% grass 4%
16,-49.198021,11.476361,spread,1880.2,447.3,0.1542,0.000,0,0,0,-2.3,0.752,,snow 44% rock 36% tundra 20%
17,2.775616,-77.915310,spread,100.7,33.9,0.0078,0.000,0,0,0,30.3,0.385,,grass 100%
18,-66.792156,139.247552,spread,16.0,28.2,0.0117,0.080,1,0,0,-0.4,0.486,,tundra 56% forest 24% beach 12%
19,-62.609075,93.218002,spread,0.8,19.3,0.0126,0.000,0,1,0,2.9,0.722,,beach 64% forest 32% grass 4%
20,5.328993,-5.464700,spread,1875.1,531.6,0.1718,0.040,0,1,1,15.5,0.684,,crop 60% forest 16% grass 12%
21,22.805586,-117.102568,spread,4446.3,444.5,0.1555,0.000,0,0,0,-2.4,0.000,,snow 44% bare 40% rock 16%
22,53.077632,-106.304808,spread,2482.6,1100.7,0.3295,0.000,0,0,0,-5.8,0.322,,snow 100%
23,-7.542660,116.160531,spread,938.4,422.4,0.1097,0.000,0,0,0,23.5,0.497,,forest 52% grass 36% crop 12%
